{"sfx":-0.5466747283935547,"music":0.7532012462615967,"fullscreen":true}